"Completed By","Activity Type","Activity Date","Personnel Id","User Id","Personnel Created At"
226332,Service,"2026-03-06 09:08:10",99620,226332,"2023-10-15 14:00:57"
226332,Service,"2026-01-15 13:10:06",99620,226332,"2023-10-15 14:00:57"
226336,Service,"2026-06-06 00:00:00",99624,226336,"2023-10-15 14:02:59"
226336,Service,"2026-06-06 00:00:00",99624,226336,"2023-10-15 14:02:59"
226336,Service,"2026-06-06 00:00:00",99624,226336,"2023-10-15 14:02:59"
226336,Service,"2026-06-06 00:00:00",99624,226336,"2023-10-15 14:02:59"
226336,Service,"2026-06-06 00:00:00",99624,226336,"2023-10-15 14:02:59"
226336,Service,"2026-06-06 00:00:00",99624,226336,"2023-10-15 14:02:59"
226336,Service,"2026-06-06 00:00:00",99624,226336,"2023-10-15 14:02:59"
226336,Service,"2026-06-06 00:00:00",99624,226336,"2023-10-15 14:02:59"
226336,Service,"2026-06-06 00:00:00",99624,226336,"2023-10-15 14:02:59"
226336,Service,"2026-06-06 00:00:00",99624,226336,"2023-10-15 14:02:59"
226336,Service,"2026-06-06 00:00:00",99624,226336,"2023-10-15 14:02:59"
226336,Service,"2026-06-06 00:00:00",99624,226336,"2023-10-15 14:02:59"
226336,Service,"2026-06-06 00:00:00",99624,226336,"2023-10-15 14:02:59"
226336,Service,"2026-06-06 00:00:00",99624,226336,"2023-10-15 14:02:59"
226336,Service,"2026-06-06 00:00:00",99624,226336,"2023-10-15 14:02:59"
226336,Service,"2026-06-06 00:00:00",99624,226336,"2023-10-15 14:02:59"
226348,Service,"2026-03-30 00:00:00",99635,226348,"2023-10-15 14:10:08"
226351,Service,"2026-03-30 10:54:51",99638,226351,"2023-10-15 14:11:36"
226361,Service,"2026-06-15 00:00:00",99648,226361,"2023-10-15 14:17:37"
226361,Service,"2026-06-15 00:00:00",99648,226361,"2023-10-15 14:17:37"
226361,Service,"2026-06-15 00:00:00",99648,226361,"2023-10-15 14:17:37"
226361,Service,"2026-06-15 00:00:00",99648,226361,"2023-10-15 14:17:37"
226361,Service,"2026-06-15 00:00:00",99648,226361,"2023-10-15 14:17:37"
226361,Service,"2026-06-15 00:00:00",99648,226361,"2023-10-15 14:17:37"
226361,Service,"2026-06-15 00:00:00",99648,226361,"2023-10-15 14:17:37"
226361,Service,"2026-06-15 00:00:00",99648,226361,"2023-10-15 14:17:37"
226361,Service,"2026-06-15 00:00:00",99648,226361,"2023-10-15 14:17:37"
226361,Service,"2026-06-15 00:00:00",99648,226361,"2023-10-15 14:17:37"
226361,Service,"2026-06-15 00:00:00",99648,226361,"2023-10-15 14:17:37"
226361,Service,"2026-06-15 00:00:00",99648,226361,"2023-10-15 14:17:37"
226361,Service,"2026-06-15 00:00:00",99648,226361,"2023-10-15 14:17:37"
226361,Service,"2026-06-03 00:00:00",99648,226361,"2023-10-15 14:17:37"
226361,Service,"2026-06-03 00:00:00",99648,226361,"2023-10-15 14:17:37"
226361,Service,"2026-06-03 00:00:00",99648,226361,"2023-10-15 14:17:37"
226361,Service,"2026-06-15 10:21:00",99648,226361,"2023-10-15 14:17:37"
226363,Service,"2026-03-30 00:00:00",99650,226363,"2023-10-15 14:18:37"
226363,Service,"2026-03-30 00:00:00",99650,226363,"2023-10-15 14:18:37"
226363,Service,"2026-03-30 00:00:00",99650,226363,"2023-10-15 14:18:37"
226363,Service,"2026-05-30 00:00:00",99650,226363,"2023-10-15 14:18:37"
226363,Service,"2026-04-15 15:14:32",99650,226363,"2023-10-15 14:18:37"
226363,Service,"2026-04-15 15:20:42",99650,226363,"2023-10-15 14:18:37"
226363,Service,"2026-04-15 15:21:30",99650,226363,"2023-10-15 14:18:37"
226363,Service,"2026-05-30 00:00:00",99650,226363,"2023-10-15 14:18:37"
226363,Service,"2026-05-30 00:00:00",99650,226363,"2023-10-15 14:18:37"
226363,Service,"2026-05-30 00:00:00",99650,226363,"2023-10-15 14:18:37"
226363,Service,"2026-05-30 00:00:00",99650,226363,"2023-10-15 14:18:37"
226363,Service,"2026-05-30 00:00:00",99650,226363,"2023-10-15 14:18:37"
226363,Service,"2026-04-29 13:07:00",99650,226363,"2023-10-15 14:18:37"
226363,Service,"2026-03-30 00:00:00",99650,226363,"2023-10-15 14:18:37"
226363,Service,"2026-05-30 00:00:00",99650,226363,"2023-10-15 14:18:37"
226363,Service,"2026-03-30 00:00:00",99650,226363,"2023-10-15 14:18:37"
226363,Service,"2026-05-30 00:00:00",99650,226363,"2023-10-15 14:18:37"
226363,Service,"2026-05-30 00:00:00",99650,226363,"2023-10-15 14:18:37"
226363,Service,"2026-05-30 00:00:00",99650,226363,"2023-10-15 14:18:37"
226363,Service,"2026-05-30 00:00:00",99650,226363,"2023-10-15 14:18:37"
226363,Service,"2026-05-30 00:00:00",99650,226363,"2023-10-15 14:18:37"
226363,Service,"2026-05-30 00:00:00",99650,226363,"2023-10-15 14:18:37"
226363,Service,"2026-04-15 15:11:53",99650,226363,"2023-10-15 14:18:37"
226363,Service,"2026-04-15 15:10:55",99650,226363,"2023-10-15 14:18:37"
226363,Service,"2026-06-15 09:22:20",99650,226363,"2023-10-15 14:18:37"
226363,Service,"2026-06-15 09:23:05",99650,226363,"2023-10-15 14:18:37"
226363,Service,"2026-06-15 09:24:24",99650,226363,"2023-10-15 14:18:37"
226363,Service,"2026-06-15 09:27:13",99650,226363,"2023-10-15 14:18:37"
226363,Service,"2026-05-30 00:00:00",99650,226363,"2023-10-15 14:18:37"
226363,Service,"2026-04-15 15:10:15",99650,226363,"2023-10-15 14:18:37"
226363,Service,"2026-04-15 15:09:15",99650,226363,"2023-10-15 14:18:37"
226363,Service,"2026-04-15 15:08:25",99650,226363,"2023-10-15 14:18:37"
226363,Service,"2026-04-15 15:07:42",99650,226363,"2023-10-15 14:18:37"
226363,Service,"2026-04-15 15:06:44",99650,226363,"2023-10-15 14:18:37"
226363,Service,"2026-04-15 15:05:07",99650,226363,"2023-10-15 14:18:37"
226363,Service,"2026-04-15 15:03:45",99650,226363,"2023-10-15 14:18:37"
226363,Service,"2026-04-15 15:03:03",99650,226363,"2023-10-15 14:18:37"
226363,Service,"2026-04-15 14:59:50",99650,226363,"2023-10-15 14:18:37"
226363,Service,"2026-04-29 13:00:00",99650,226363,"2023-10-15 14:18:37"
226363,Service,"2026-03-30 00:00:00",99650,226363,"2023-10-15 14:18:37"
226363,Service,"2026-03-30 00:00:00",99650,226363,"2023-10-15 14:18:37"
226363,Service,"2026-05-30 00:00:00",99650,226363,"2023-10-15 14:18:37"
226363,Service,"2026-04-15 15:12:48",99650,226363,"2023-10-15 14:18:37"
226363,Service,"2026-04-15 15:13:41",99650,226363,"2023-10-15 14:18:37"
226364,Service,"2026-04-29 00:00:00",99651,226364,"2023-10-15 14:19:00"
226364,Service,"2026-04-29 00:00:00",99651,226364,"2023-10-15 14:19:00"
434641,Service,"2026-06-06 11:48:00",,,
434641,Service,"2026-06-06 11:19:00",,,
434641,Service,"2026-06-06 11:40:00",,,
434641,Service,"2026-06-06 11:14:00",,,
434641,Service,"2026-06-06 11:29:00",,,
434641,Service,"2026-06-06 11:27:00",,,
434641,Service,"2026-06-06 00:00:00",,,
434641,Service,"2026-06-06 00:00:00",,,
434641,Service,"2026-06-06 11:58:00",,,
434641,Service,"2026-06-06 11:24:00",,,
434641,Service,"2026-06-06 11:52:00",,,
437633,Service,"2026-05-30 00:00:00",,,
437633,Service,"2026-05-30 00:00:00",,,
437633,Service,"2026-05-30 00:00:00",,,
437633,Service,"2026-05-30 00:00:00",,,
437633,Service,"2026-05-30 00:00:00",,,
437633,Service,"2026-05-30 00:00:00",,,
437633,Service,"2026-05-30 00:00:00",,,
437633,Service,"2026-05-30 00:00:00",,,
437633,Service,"2026-05-30 00:00:00",,,
437633,Service,"2026-05-30 00:00:00",,,
437633,Service,"2026-05-30 00:00:00",,,
437633,Service,"2026-05-30 00:00:00",,,
437633,Service,"2026-05-30 00:00:00",,,
437633,Service,"2026-05-30 00:00:00",,,
437633,Service,"2026-05-30 00:00:00",,,
437633,Service,"2026-05-30 00:00:00",,,
437633,Service,"2026-05-30 00:00:00",,,
437633,Service,"2026-05-30 00:00:00",,,
437633,Service,"2026-05-30 00:00:00",,,
437633,Service,"2026-05-30 00:00:00",,,
437633,Service,"2026-05-30 00:00:00",,,
437633,Service,"2026-05-30 00:00:00",,,
437633,Service,"2026-05-30 00:00:00",,,
437633,Service,"2026-05-30 00:00:00",,,
437633,Service,"2026-05-30 00:00:00",,,
437633,Service,"2026-05-30 00:00:00",,,
437633,Service,"2026-05-30 00:00:00",,,
437633,Service,"2026-05-30 00:00:00",,,
437633,Service,"2026-05-30 00:00:00",,,
437633,Service,"2026-05-30 00:00:00",,,
437633,Service,"2026-05-30 00:00:00",,,
437633,Service,"2026-05-30 00:00:00",,,
437633,Service,"2026-05-30 00:00:00",,,
437633,Service,"2026-05-30 00:00:00",,,
437633,Service,"2026-05-30 00:00:00",,,
437633,Service,"2026-05-30 00:00:00",,,
437633,Service,"2026-05-30 00:00:00",,,
437633,Service,"2026-05-30 00:00:00",,,
437633,Service,"2026-05-30 00:00:00",,,
437633,Service,"2026-05-30 00:00:00",,,
437633,Service,"2026-05-30 00:00:00",,,
437633,Service,"2026-05-30 00:00:00",,,
437633,Service,"2026-05-30 00:00:00",,,
437633,Service,"2026-05-30 00:00:00",,,
437633,Service,"2026-05-30 00:00:00",,,
437633,Service,"2026-05-30 00:00:00",,,
437633,Service,"2026-05-30 00:00:00",,,
437633,Service,"2026-05-30 00:00:00",,,
437633,Service,"2026-05-30 00:00:00",,,
437633,Service,"2026-05-30 00:00:00",,,
437633,Service,"2026-05-30 00:00:00",,,
437633,Service,"2026-05-30 00:00:00",,,
437633,Service,"2026-05-30 00:00:00",,,
437633,Service,"2026-05-30 00:00:00",,,
437633,Service,"2026-05-30 00:00:00",,,
437633,Service,"2026-05-30 00:00:00",,,
437633,Service,"2026-05-30 00:00:00",,,
437633,Service,"2026-05-30 00:00:00",,,
437633,Service,"2026-05-30 00:00:00",,,
437633,Service,"2026-05-30 00:00:00",,,
437633,Service,"2026-03-30 11:25:03",,,
437633,Service,"2026-03-30 00:00:00",,,
437633,Service,"2026-03-30 00:00:00",,,
437633,Service,"2026-03-30 00:00:00",,,
437633,Service,"2026-03-30 00:00:00",,,
437633,Service,"2026-03-30 00:00:00",,,
437633,Service,"2026-03-30 00:00:00",,,
437633,Service,"2026-03-30 00:00:00",,,
437633,Service,"2026-03-30 00:00:00",,,
437633,Service,"2026-03-30 00:00:00",,,
437635,Service,"2026-05-30 00:00:00",,,
437635,Service,"2026-05-30 00:00:00",,,
437635,Service,"2026-06-15 10:00:00",,,
437635,Service,"2026-05-30 00:00:00",,,
437635,Service,"2026-05-30 00:00:00",,,
437635,Service,"2026-05-30 00:00:00",,,
437635,Service,"2026-06-15 10:00:00",,,
437635,Service,"2026-05-30 00:00:00",,,
437635,Service,"2026-06-15 10:00:00",,,
437635,Service,"2026-05-30 00:00:00",,,
437635,Service,"2026-05-30 00:00:00",,,
437635,Service,"2026-05-30 00:00:00",,,
437635,Service,"2026-05-30 00:00:00",,,
437635,Service,"2026-05-30 00:00:00",,,
437635,Service,"2026-06-15 09:00:00",,,
437635,Service,"2026-06-15 09:00:00",,,
437635,Service,"2026-06-15 09:00:00",,,
437635,Service,"2026-06-15 09:00:00",,,
437635,Service,"2026-06-15 09:00:00",,,
437635,Service,"2026-06-15 09:00:00",,,
437635,Service,"2026-06-15 09:00:00",,,
437635,Service,"2026-06-15 09:43:00",,,
437635,Service,"2026-06-15 09:46:00",,,
437635,Service,"2026-06-15 09:50:00",,,
437635,Service,"2026-06-15 09:53:00",,,
437635,Service,"2026-06-15 09:55:00",,,
437635,Service,"2026-06-15 09:58:00",,,
437635,Service,"2026-06-15 10:00:00",,,
437635,Service,"2026-06-15 10:00:00",,,
437635,Service,"2026-06-15 10:00:00",,,
437635,Service,"2026-04-11 00:00:00",,,
437635,Service,"2026-04-11 00:00:00",,,
437635,Service,"2026-04-11 00:00:00",,,
437635,Service,"2026-03-30 12:50:44",,,
437635,Service,"2026-03-30 12:48:12",,,
437635,Service,"2026-03-30 12:45:02",,,
437635,Service,"2026-03-30 12:38:14",,,
437635,Service,"2026-03-30 12:35:11",,,
437635,Service,"2026-03-30 12:30:00",,,
437635,Service,"2026-03-30 12:27:00",,,
437635,Service,"2026-03-30 12:23:00",,,
437635,Service,"2026-03-30 12:17:00",,,
437635,Service,"2026-03-30 12:13:00",,,
437635,Service,"2026-03-30 12:10:54",,,
437635,Service,"2026-03-30 12:09:35",,,
437635,Service,"2026-03-30 12:02:29",,,
437635,Service,"2026-03-30 11:58:53",,,
437635,Service,"2026-03-30 11:54:50",,,
437635,Service,"2026-03-30 11:47:00",,,
437635,Service,"2026-03-30 11:43:00",,,
437635,Service,"2026-03-30 11:40:00",,,
437635,Service,"2026-03-30 11:39:00",,,
437635,Service,"2026-03-30 11:35:00",,,
437635,Service,"2026-03-30 11:27:00",,,
437635,Service,"2026-06-15 10:00:00",,,
437635,Service,"2026-06-15 10:00:00",,,
437635,Service,"2026-06-15 11:00:00",,,
437635,Service,"2026-06-15 10:48:00",,,
437635,Service,"2026-05-30 00:00:00",,,
437635,Service,"2026-05-30 00:00:00",,,
437635,Service,"2026-05-30 00:00:00",,,
437635,Service,"2026-05-30 00:00:00",,,
437635,Service,"2026-06-15 11:01:00",,,
437635,Service,"2026-06-15 10:56:00",,,
437635,Service,"2026-05-30 00:00:00",,,
437635,Service,"2026-05-30 00:00:00",,,
437635,Service,"2026-06-15 10:00:00",,,
437635,Service,"2026-05-30 00:00:00",,,
437635,Service,"2026-05-30 00:00:00",,,
437635,Service,"2026-05-30 00:00:00",,,
437635,Service,"2026-06-15 10:00:00",,,
437635,Service,"2026-05-30 00:00:00",,,
437635,Service,"2026-05-30 00:00:00",,,
437635,Service,"2026-06-15 10:00:00",,,
437635,Service,"2026-05-30 00:00:00",,,
442582,Service,"2026-01-21 07:17:45",,,
